Organisme	démarches	dossiers
Préfecture de Seine-et-Marne	1	107968
Ministère de l'Économie, des Finances et de la Relance	1	58696
Préfecture de la Gironde	2	52484
ARS Ile-de-France	11	34502
Ministère de la Transition Ecologique et Solidaire	5	32038
Préfecture de police	3	29111
Agence régionale de santé Auvergne Rhône-Alpes	11	23192
Ministère de la Culture	81	21561
Ministère en charge de la construction	4	16737
Centre national du cinéma et de l'image animée	8	15412
DIRECCTE HAUTS-DE-FRANCE	6	13529
Ministère des solidarités et de la santé	5	12390
Préfecture de police 	2	10795
Agence du Numérique en Santé	10	10550
Pass Culture	2	10526
DGALN/DGEC, Ministère de la transition écologique et de la cohésion des territoires	1	9283
Délégation Générale à l'Emploi et la Formation Professionnelle	16	9179
France Travail Services	1	8970
Agence régionale de Santé des pays de la Loire	5	8720
Cabinet du Secrétariat général des ministères Écologie Énergie Territoires Mer	1	8694
DDPP de la Vendée	3	8036
BRNT, SDCAP, SRNH, DGPR, Ministère de la transition écologique et de la cohésion des territoires	6	8022
Santé publique France	12	7281
Gestion des certificats de numérotation	1	6729
Ministère de l'enseignement supérieur et de l'insertion professionnelle	2	6431
DDPP22	5	5860
DDETSPP79	4	5352
Agence Régionale de Santé Centre Val de Loire	23	5270
Mission à l'Emploi des Travailleurs Handicapés, DGEFP	20	4826
Direction Départementale de la Protection des Populations	6	4610
Ministère de l’Économie, des Finances et de la Souveraineté industrielle et numérique	2	4506
Direction de la Sécurisation des Parcours	4	4304
DRAAF Pays de la Loire	19	4134
Direction Générales des Entreprises, Ministères de l'économie des finances et de la souveraineté industrielle et numérique	3	3896
Sicoval	3	3773
DDTM 33	3	3732
DGS	4	3279
 Sous-direction de la protection des usagers de la route, bureau de l'expertise automobile	1	3219
DGALN	1	3183
Banque des Territoires	4	3157
Ministère du logement/Direction générale de l'aménagement, du logement et de la nature/ Direction de l'habitat, l'urbanisme et les paysages	1	3085
Ministère de la Transition Ecologique	13	3072
ministère de la Culture	1	2974
Direction départementale des territoires et de la mer du Var / Service Mer et Littoral / Bureau Activités Maritimes	1	2948
Bureau des lycées professionnels, de l'apprentissage et de la formation professionnelle continue  (Dgesco A2-2)	1	2946
DDETSPP40	10	2810
Ministere de l'agriculture et de la souverainete alimentaire	1	2803
Agence Régionale de Santé Île-de-France	14	2690
Ministères économiques et financiers	1	2518
Direction de l'eau et de la biodiversité, Direction Générale de l'Aménagement du Logement et de la Nature, Ministère de la Transition Écologique et de la cohésion des territoires	1	2475
Direction de l'habitat, de l'urbanisme et des paysages, DGALN, Ministère de la transition écologique et de la cohésion des territoires	1	2380
Préfecture de la Manche	10	2360
PREFECTURE DE LA SOMME	3	2332
ANSM	23	2317
Préfecture du val d'oise	7	2273
DDPP56	2	2113
Direction des Affaires Juridiques	1	2051
Drieets ILe-de-France	3	2008
Préfecture de la Haute-Marne	6	1922
MINISTERE DES SOLIDARITES ET DE LA SANTE 	2	1894
Préfecture de la Loire-Atlantique	3	1841
Direction Régionale et Interdépartementale de l'Economie, de l'Emploi, du Travail et des Solidarités	1	1830
Direction générale de l'alimentation (DGAL)	2	1827
Préfecture de la Seine-Saint-Denis	7	1790
Urssaf Rhône-Alpes	3	1784
Préfecture de l'Ariège	5	1776
Préfecture de l'Oise	3	1729
DDTM de l'Hérault	3	1705
URSSAF Provence-Alpes-Côte d'Azur - Travailleurs indépendants	12	1577
DGCS - Direction Générale de la Cohésion Sociale	6	1554
URSSAF	5	1460
L'Agence du Numérique	2	1424
MSA Ardèche Drôme Loire	2	1373
DREAL NA, MTE	1	1350
ARS Guadeloupe, Saint-Martin et Saint-Barthélemy	6	1345
ARS PACA	46	1333
préfecture de police	2	1328
Préfecture de la Loire	9	1317
URSSAF Ile-de-France	14	1317
DDTM 33, MASA	2	1278
DINUM	35	1254
Urssaf Centre-Val de Loire	1	1253
DEETS DE LA REUNION	2	1230
URSSAF Aquitaine	5	1215
Préfecture du Morbihan	8	1209
SGS ICS	1	1202
Dinum - beta.gouv.fr	1	1181
URSSAF NORMANDIE	10	1180
DREETS Pays de la Loire	1	1178
Direction de la citoyenneté et de la légalité	2	1175
Préfecture de l'Essonne	27	1164
DDETSPP du Gers	2	1146
URSSAF MIPY	16	1145
Direction Interministérielle du Numérique (DINUM)	3	1129
Institut des hautes études de défense nationale, Services du Premier Ministre	5	1125
Direction Départementale des Territoires et de la Mer du Gard	1	1118
Direction Départementale des Territoires de la Drôme	6	1092
Sercice Sercurité des Transports et des Véhicules, Département Sécurité Education et Circulation Routière	15	1056
Agence Régionale de Santé Ile-de-France	5	1042
URSSAF Languedoc Roussillon - Travailleurs indépendants	14	1041
Sante publique France	7	1034
DDTM	6	1011
CPAM	5	975
DDETSPP24	1	953
Direction Départementale de l'Emploi, du Travail, des Solidarités et de la Protection des Populations de Lot-et-Garonne	2	937
SDIS 17	8	926
Caf de la Haute-Vienne	23	902
direction régionale de l’Alimentation, de l’Agriculture et de la Forêt, préfecture de Nouvelle aquitaine,  ministère de l'Agriculture et de la Souveraineté alimentaire	2	871
DRAAF PAYS DE LA LOIRE, DDTM44,  DDT 49, DDT 53, DDT 72, DDTM 85	9	866
Préfecture de Rouen	1	861
 Direction départementale de la protection des populations du Rhône	1	831
URSSAF Bretagne	5	830
préfecture de la Haute-Loire	3	810
Préfecture de l'Aisne	4	790
Pôle Territoires - France Mobilités, MINT, AIT, MTECT, DGITM, Ministère de la transition écologique et de la cohésion des territoires	2	776
Caf Pyrénées Atlantiques	17	766
URSSAF Poitou-Charentes	8	759
Délégation Générale à l'Emploi et à la Formation Professionnelle	13	758
ANCT	4	754
Secteur Fichiers & Paiements	5	734
Urssaf, Cpam, Caf et Carsat	5	725
DRIEETS Île-de-France	2	723
Direction Régionale aux Droits des Femmes et Egalité des Hauts-de-France	4	719
DAAF de la Réunion	1	718
sous-préfecture de Senlis	1	714
Préfecture de l'Eure	1	714
Préfecture de Police de Paris	5	714
Ministère du travail	14	704
Préfecture du Bas-Rhin	4	679
DRIEETS	5	678
Office français de la biodiversité (OFB)	4	677
Préfecture de Tarn-et-Garonne	3	676
Direction régionale et interdépatementale de l'environnement, de l'aménagement et des transports d'Ile-de-France	1	675
Préfecture du Nord	6	667
Préfecture de la Moselle	2	662
Institut des hautes études de défense nationale	3	662
Centre National des Opérations Aériennes	1	657
DDPP59 SPAE	1	650
Préfecture de police de Paris 	1	650
DGSCGC	1	637
Préfecture de la Savoie - service de la coordination des politiques publiques	3	637
DDTM de l'Aude	2	632
DDTM du Finistère	2	630
Bureau des collectivités locales, Service de la coordination et des politiques interministérielles	1	629
Préfecture de Meurthe-et-Moselle	1	620
Office français de la Biodiversité	9	614
Direction Départementale de la Protection des Populations d'Ille et Vilaine (DDPP35)	2	607
SCPPAT, DCLC, Préfecture du Gard	1	572
DREAL Bourgogne-Franche-Comté	8	554
Préfecture du Finistère	1	548
Conseil departemental de la Manche	9	547
Centre National du Cinéma et de l'image animée	3	542
Préfecture de la Côte d'Or	1	535
Conseil départemental du Pas-de-Calais	17	530
 DREETS Occitanie	2	524
Melun	1	521
Direction Départemental des Territoires de l'Oise	4	516
Département du Pas-de-Calais	14	513
DRAFPIC PACA - Direction régionale académique de la formation professionnelle initiale et continue	2	509
(DRIEETS)	1	507
Administration publique (tutelle) des activités économiques	8	507
DRIEETS Ile-de-France	3	502
CPAM du Val d'Oise	4	500
Préfecture de l'Hérault	13	499
Direction Générale de l'Energie et du Climat, Ministère de la transition écologique et de la cohésion des territoires	1	496
DRAAF de Bretagne	30	491
Préfecture d'Eure-et-Loir	1	487
Préfecture de la Sarthe	6	480
Agence nationale du Sport	2	477
URSSAF Champagne-Ardenne - Travailleurs indépendants 	11	476
Préfecture du Puy-de-Dôme, ministère de l'Intérieur	1	475
Direction départementale de la protection des populations de la Sarthe	3	474
Ministère de l'éducation nationale, de la jeunesse et des sports	2	473
Préfecture des Hautes-Pyrénées	1	471
Préfecture de la Somme	2	470
Préfecture des Ardennes, Ministère de l'Intérieur et des Outre-mer	1	468
Arrondissements	1	465
préfecture de Loir-et-Cher	11	462
CGSS de la Réunion	2	461
CMA Ile-de-France	4	452
Préfecture de région IDF	7	448
URSSAF Bourgogne	1	443
Préfecture de la Marne	1	435
Préfecture de la Corrèze	1	434
URSSAF LORRAINE - Travailleurs indépendants	8	430
Bureau des finances locales - DETR et DSIL	1	425
Préfecture de l'Orne	4	411
Direction générale de la cohésion sociale (DGCS) 	17	409
DRAJES du Grand Est	5	408
Services instructeurs de la Préfecture et des sous-préfectures	1	403
DREETS	8	403
Direction Départementale des Territoires et de la Mer d'Ille-et-Vilaine, Ministère de la Transition Ecologique et de la Cohésion des Territoires	5	400
Service de la sécurité des transports-Département Sécurité, Education et Circulation Routières	33	399
Ministère de l'Économie, des Finances et de la Souveraineté industrielle et numérique, DREAL	3	397
Préfecture du Rhône	3	396
Agence Nationale de la Recherche	1	393
Conseil Départemental des Hauts-de-Seine	10	391
Direction des relations avec les collectivités locales - Bureau des finances locales	2	390
Bureau des finances locales et des dotations de l'Etat	1	389
Bureau de l'appui territorial	1	384
Urssaf Alsace	4	382
DEETS 974	1	376
DDPP Maine et Loire	2	375
Préfecture de la Meuse	1	373
Ministère de la Transition Ecologique et Cohésion des Territoires	1	373
Direction de l'énergie et du climat, Ministère de la transition écologique	1	366
URSSAF DE PICARDIE 	6	366
Préfecture de la Vienne	1	364
Direction de la Citoyenneté et de la légalité	1	364
Direction départementale des territoires et de la mer des Côtes-d'Armor	1	364
Service économie agricole 	6	364
Préfecture du Loiret	1	363
Préfecture de l'Yonne	2	363
Préfecture des Pyrénées-Orientales	3	362
DDPP du Morbihan	1	356
Direction de la coordination interministérielle et de l'ingénierie territoriale	1	355
Préfecture de Saône-et-Loire	1	354
Préfecture de la Haute-Vienne	1	354
Préfecture du Cantal	3	353
Agence Innovation Défense	3	350
Préfecture des Côtes-d'Armor	1	342
Urssaf Aquitaine	5	341
DGCS Service des droits des femmes et de l'Egalité entre les femmes et les hommes	3	338
Préfecture du Gers, Ministère de l'Intérieur et des Outre-Mer	1	337
Préfecture du Pas de Calais, Conseil Départemental du Pas-de Calais, Conseil Régional Hauts de France, MSA	1	337
Préfecture du Tarn	1	337
DRAAF Occitanie	17	336
DDPP du Finistère	3	335
Préfecture de l'Isère	1	334
SERVICE ENVIRONNEMENT, EAU ET PRESERVATION DES RESSOURCES 	3	333
CAF DU HAUT-RHIN	7	331
Département "Accompagnement des Professionnels de Santé" (DAPS)	2	329
Préfecture des Landes	1	328
DGCL	2	328
Programme France Très Haut Débit	2	325
ARS Île-de-France, Ministère de la Santé et de la Prévention	3	325
CAPH	6	325
Préfecture d'Indre et Loire	1	324
Caisse des dépôts et consignations	1	323
Préfecture de la Haute-Saône, Ministère de l'intérieur 	1	321
Préfecture de la Loire-Atlantique, ministère de l'intérieur	1	318
Préfecture des Pyrénées-Atlantiques	1	316
Préfécture de Loir-et-Cher	1	315
Direction Départementale des Territoires du Tarn	3	315
Préfecture du Nièvre	1	314
ANCT, Ministère de la Transition Ecologique et de la Cohésion des territoires.	1	312
Préfecture de l'Orne, Ministère de l'Intérieur	2	311
Préfecture de l'Ain - Direction des Collectivités et de l'Appui Territorial	1	310
Préfecture du Gard	5	309
Service des solidarités, Pôle Cohésion sociale formation certification, Direction régionale de l’économie de l’emploi du travail et des solidarités d'Occitanie, SGAR, ministère de l'intérieur	3	309
Sous-direction de l'enfance et de la famille, Bureau de la protection de l'enfance et de l'adolescence	8	309
Bureau du Soutien à l'Investissement Territorial	1	308
Préfecture de Maine-et-Loire	3	306
Préfecture de l'Indre	1	305
Bpifrance	6	305
Sous-préfecture de Altkirch	1	300
Département de la Seine-Saint-Denis	3	297
Conseil Départemental de Seine-Saint-Denis	3	294
Direction Départementale des Territoires de la Loire	6	290
SIAO62	1	288
DRAFPIC - Direction régionale académique de la formation professionnelle initiale et continue Région académique Provence-Alpes-Côte d'Azur	4	287
Conseil Départemental de la Vendée	1	286
Office national des forêts	1	284
Agence Française pour la Biodiversité	1	283
Direction des Sécurités - bureau de l'ordre public	6	283
Préfecture du Var	3	282
PREFECTURE DES YVELINES - DRCT	1	280
Direction départementale des territoires de la Marne	1	280
SDSF / SCHEMA STRATEGIQUE MARTINIQUAIS DES SERVICES AUX FAMILLES	2	279
Préfecture des Vosges	1	278
Secrétariat général de région académique, rectorat de la région académique Provence-Alpes-Côte d'Azur, ministère de l'éducation nationale / DREETS PACA, DGEFP, ministère du travail	1	275
Comité économique des produits de santé	3	275
DSDEN de la Moselle	2	273
DREETS Occitanie	3	273
Ministère de la transition énergétique	1	272
URSSAF, CPAM, CAF, CARSAT	5	270
DDETSPP des Hautes-Pyrénées	2	269
Préfecture de la Lozère	2	269
préfecture des Alpes-de-Haute-Provence	1	267
SERVICE AGRICULTURE ET FORET	1	265
Conseil départemental du Pas de Calais 	3	265
Direction Départementale des Territoires et de la Mer des Bouches du Rhône	3	264
dreets Occitanie, Préfecture de région, ministère des solidarités 	4	264
Direction régionale de l'économie, de l'emploi du travail et des solidarités	5	263
Sous-Préfecture d'Aubusson	1	259
Conseil Départemental des Yvelines 	10	259
Préfecture de Lot-et-Garonne	1	258
DREAL des Pays de la Loire	2	255
DGEFP	11	254
Agence Régionale de Santé de Nouvelle-Aquitaine	2	253
préfecture du Cher 	1	250
TU/MDTI	1	246
Département du Nord	1	244
Service Agriculture et Développement Rural	2	244
DRAJES - pôle sport 	2	243
Direction départementale des territoires et de la mer du Gard	1	240
DREAL, Service Biodiversité Eau Patrimoine	3	238
Direction Départementale des Territoires de l'Allier	2	237
Institut National des Métiers d'Art	2	237
DDT de la Mayenne	2	236
Direction financière	4	236
Ministère de la transition écologique et de la cohésion des territoires - Direction générale de la sécurité civile et de la gestion des crises	1	235
Préfecture de La charente, ministère de l'Intérieur	1	234
Préfecture de région Bretagne - SGAR	3	232
Mission appui territorial	1	230
Direction Départementale des Territoires de la Dordogne	2	226
Direction de la citoyenneté et la légalité - Bureau des dotations et des subventions de l'Etat	1	224
Préfecture de la Vendée	2	222
Préfecture et sous-préfectures	1	221
Direction Départementale des Territoires du Rhône	2	221
Pôle coordination des moyens et animation des politiques publiques	4	221
Préfecture de la Seine-Maritime	6	220
Conseil départemental d’Eure-et-Loir  	5	217
Direction Départementale des Territoires et de la Mer de Loire Atlantique	1	214
Rectorat de région académique Provence-Alpes-Côte d'Azur	2	207
Préfecture de la région d'Île-de-France, Préfecture de Paris 	2	207
Préfecture du Calvados	6	207
Direction Départementale des Territoires du Lot	3	206
Direction Départementale des Territoires de la Sarthe	3	206
DDT de Vaucluse	1	205
Préfecture de la Corse-du-Sud	1	204
Métropole de Lyon 	1	204
Direction départemental des territoires de la Haute-Garonne	3	204
CGSS Martinique	2	204
sous-préfecture de Romorantin-Lanthenay- Loir-et-Cher	4	203
Préfecture des Bouches-du-Rhône	2	201
Direction Départementale des territoires et de la Mer	1	200
Direction Départementale des Territoires et de la Mer de la Seine-Maritime	2	200
Service de la coordination des politiques publiques et de l'appui territoririal (SCPPAT) - Pôle appui territorial	1	199
Mairie de Megève	6	199
Préfecture de Police 	2	198
Préfecture de la Mayenne	1	197
DDTM 44	1	196
Préfecture du Var, ministère de l'Intérieur et des Outre-mer	1	196
Préfecture des Alpes-Maritimes	2	196
Préfecture du Val d'Oise	1	195
Préfecture de l'Aveyron	3	195
 Direction des relations avec les collectivités locales - Bureau des concours financiers	1	194
URSSAF FRANCHE-COMTE	1	194
Préfecture de la Haute-Corse	2	194
sous-préfecture de Vendôme - Loir-et-Cher	3	192
Unité Régionale 	3	190
DDETS 13	1	189
DDT Yonne	3	189
Préfectures des Hautes Alpes et de l'Isère, Commissariat de massif des Alpes	1	188
DRIAAF ILE DE FRANCE	2	188
Préfecture des Hauts de Seine	1	187
Préfecture des Hautes-Alpes, Ministère de l'Intérieur et de l'Outre-Mer	1	186
Secteur fichier & paiements	2	183
DREAL PACA	2	179
Ministère de l'Education nationale et ministère de la Culture	2	177
Direction des services départementaux de l'éducation nationale (DSDEN) d'Ille-et-Vilaine	2	174
ARS Occitanie	2	173
DDTM 62	1	170
Ministère délégué chargé de l'enfance, de la jeunesse et des familles	2	170
ministère de l'Agriculture	1	169
Préfecture de région des Pays de la Loire, Ministère de l'Intérieur et des Outre-mer	2	169
Préfecture du Val-de-Marne	3	167
Conseil Départemental de la Guadeloupe	5	164
URSSAF AUVERGNE	4	163
Communauté d'Agglomération de la Porte du Hainaut	23	162
Ministère de l'économie	2	161
Ministère de l'Agriculture et de la Souveraineté alimentaire	3	161
URSSAF Bourgogne - Travailleurs indépendants	1	160
Service des Politiques de Cohésion Sociale DDETS 35	3	160
DR PÔLE EMPLOI PROVENCE-ALPES-CÔTE D'AZUR	2	159
Préfecture des Yvelines - Cabinet du préfet	3	159
Office Français de la Biodiversité	2	158
Caisse des Dépôts	2	158
DREETS Bourgogne-Franche-Comté, DGT, Ministère du Travail 	1	157
Préfecture des Deux-Sèvres, Ministère de l'Intérieur et des Outre-mer	1	155
Direction régionale de l'économie, de l'emploi, du travail et des solidarités de Nouvelle-Aquitaine, ministère des solidarités, de l'autonomie et des personnes handicapées	3	155
 SESR, Préfecture de Seine-et-Marne	4	155
Ministère de la Culture / ARS Centre-Val de Loire	2	154
dreets	1	152
Préfecture du Doubs	2	152
Direction Départementale des Territoires et de la Mer	4	152
Carsat Normandie	12	152
Direction Départementale des Territoires et de la Mer du Nord, Ministère de l'Agriculutre et de la Souverainté Alimentaire	3	151
Direction régionale de l'économie, de l'emploi, du travail et des solidarités d'Ile-de-France	3	151
Direction Régional de l'Alimentation, de l'Agriculture et de la Forêt - Auvergne-Rhône-Alpes	4	151
Direction de la mer sud océan Indien - DMSOI	2	150
Parc national de forêts	5	150
CNAV, Ile-de-France	3	150
CAF 64 	2	149
Secrétariat général pour l'investissement	1	148
Préfecture du Territoire de Belfort, Ministère de l'Intérieur	1	147
Caf64, CNAF	2	147
Agence régionale de santé Ile de France	1	145
Préfecture de l'Aube	10	145
Public	2	143
Direction Générale de la Cohésion et des Populations de Guyane, Préfecture de la Guyane, Ministère du travail	1	141
ARS Ile de France 	3	137
Direction de l'Action Sociale Ile-de-France	3	137
Service Régional Agriculture et Agro-Alimentaire (SRAA)	5	137
ARS Auvergne-Rhône-Alpes	2	136
Préfecture maritime de l'Atlantique, Secrétariat général de la mer, Premier ministre	1	135
Commission nationale de la déontologie et des alertes en matière de santé publique et d'environnement (cnDAspe)	1	133
Division EAU	2	133
Ministère chargé des transports	1	132
Préfecture de la région Normandie	2	131
Direction régionale et interdépartementale de l'hébergement et du logement - Île-de-France (DRIHL)	2	131
PREFECTURE DE LA MARTINIQUE	1	130
CAF DU HAUT-RHIN, CEA, MSA	2	129
DDTM 76	3	128
Conseil départemental de la Haute-Marne	9	128
Unité protection des personnes vulnérables	4	127
CD63	2	126
Conseil départemental des Hauts-de-Seine 	4	126
DREETS Auvergne Rhône Alpes	6	125
Direction Départementale des Territoires de la Savoie	4	124
Direction départementale de la protection des populations d'Indre-et-Loire	4	123
Direction Régionale et Interdépartementale de l'Alimentation, de l'Agriculture et de la Forêt d'Île-de-France	10	123
DDT Haute-Saône	4	122
DRDFE Normandie	3	122
DIRECTION REGIONALE DES DOUANES DE LA REUNION	1	121
Rectorat de la région académique Provence-Alpes-Côte d'Azur	1	120
DREAL Normandie	1	120
DCL/SLAC/Bureau des finances locales  et Secrétariat Général pour les Affaires Régionales (SGAR)	1	120
Communauté d'Agglomération de Lisieux	2	120
Office français de la biodiversité	3	120
Préfecture de La Réunion - Ministère de l'Intérieur	4	118
Ministère de l'agriculture et de la souveraineté alimentaire, Préfet de la Manche, DDTM de la Manche	1	117
CMA Région Guadeloupe, CMA France, Ministère de l'Economie et des Finances	1	117
Ministère de l'Intérieur / Préfecture de Mayotte/ Direction des Relations avec les Collectivités Locales et du Foncier Public/ Bureau des dotations	1	117
Direction Départementale des Territoires et de la Mer de la Somme	3	117
Conseil départemental du Puy-de-Dôme	6	116
Ministère des transports	2	115
URSSAF Limousin, CARSAT Centre-ouest, CAF Haute-Vienne, CPAM Haute-Vienne	1	114
DAAF 971, Ministère de l'Agriculture et de la Souveraineté alimentaire	1	114
Ministère de l'Economie,des Finances et de la Relance	1	114
Direction générale des finances publiques	1	114
Conseil Régional des Pays de la Loire	3	114
Rectorat, Académie Nancy-Metz, Région Académique Grand Est	3	114
Préfecture de la Guyane	2	112
Agence régionale de santé de Nouvelle Aquitaine	1	111
DINSIC	4	111
Direction des Services Départementaux de l'Education Nationale du Rhône 	1	110
Direction Départementale des Territoires du Cher	3	108
ARS Centre-Val de Loire	6	108
DIRECTION REGIONALE DES DOUANES DE LA REUNION, MINISTERE de l'Économie, des Finances et de la Souveraineté industrielle et numérique	1	106
Direction générale de la cohésion sociale (DGCS)	1	106
Direction départementale des Territoires de la Haute-Saône	2	106
Direction départementale des territoires et de la mer du Pas-de-Calais	3	106
Préfecture des Bouches-du-Rhône, ministère de l'Intérieur	1	105
Conseil départemental 62	4	105
Direction Régionale et Interdépartementale de l'Environnement, de l'Aménagement et des Transports d'Île-de-France	3	105
DREETS-GE	2	104
ARS - Centre Val de Loire	1	103
CMA IDF 	1	102
DDETSPP 32	2	102
Registre de preuve de covoiturage 	1	102
DDT de la Drôme	2	99
Direction Départementale des Territoires de l'Ain	4	99
DRAJES Mayotte	7	99
DRAAF / DRAC Occitanie	6	99
CPAM des Yvelines	1	98
DREETS Centre-Val-de-Loire	2	98
DRAFPICA - Direction régionale académique de la formation professionnelle initiale et continue Région académique Occitanie	3	98
Département de la Sarthe	2	96
Préfecture de région Île-de-France et Paris,Ministère de la Transition écologique et de la Cohésion des territoires	1	95
DRAC Île-de-France	1	95
Préfecture de la region Centre Val-de-Loire	1	95
Agence nationale de cohésion des territoires	1	94
DREAL Normandie 	2	93
Direction départementale des territoires et de la mer	3	92
ministère de la Justice	2	92
ARS ile de France	1	90
DREETS Auvergne-Rhône-Alpes	2	90
Urssaf Auvergne	4	89
Direction Régionale de l'Alimentation, de l'Agriculture et de la Forêt de Nouvelle-Aquitaine, Ministère de l'agriculture et de la Souveraineté alimentaire	1	88
DAAF GUADELOUPE	1	87
Direction Générale de l'Aménagement, du Logement et de la Nature, Ministère de la Transition Ecologique et de la Cohésion des Territoires	1	86
Direction Départementale des Territoires des Hautes-Alpes	1	85
DGITM/DST/TR6	1	84
Service protection des publics vulnérables et intégration	1	84
Plan d'Investissement dans les Compétences (PIC)	1	83
DREETS Nouvelle Aquitaine	1	83
Agence nationale de la Cohésion des territoires	7	83
DDTM des Landes	1	82
Direction régionale de l'économie, de l'emploi, du travail et des solidarités de Normandie	2	82
DRAAF Hauts-de-France	8	82
Direction Générale de la Coordination et de l'Animation Territoriale	4	81
Préfecture de la Haute-Loire	5	80
Direction interministérielle du numérique	9	80
PREFECTURE DE L ESSONNE	1	79
URSSAF Limousin, CARSAT Centre-ouest, CAF de la Corrèze, CPAM de la Corrèze	1	78
Agence Régionale de Santé Nouvelle-Aquitaine	3	78
SGC34 / SID RH / unité action sociale	4	78
Service du Premier ministre	1	77
URSSAF FRANCHE-COMTE 	1	77
DRIEETS d’Île-de-France et DRIHL d’Île-de-France	2	77
DDT02	3	77
Ministère de l'Economie, des Finances et de la Relance	2	77
ARS Nouvelle-Aquitaine, Ministère de la santé et de la prévention	1	76
UD DRIHL 93,	1	76
CORSE	1	75
DDT 58	1	75
DDETSPP de la Haute-Vienne	1	75
DREETS Nouvelle-Aquitaine	3	75
Préfecture de la Guadeloupe	10	75
Agence du Service Civique	1	74
Communauté d'Agglomération du Bassin d'Aurillac	1	74
DRIEETS UD 92, Préfecture des Hauts de Seine, ministère de l'Intérieur et des Outre-mer	2	73
Direction départementale des territoires de l'Isère	4	73
ARS Île-de-France	2	73
Prefecture des Yvelines	2	73
Direction Départementale des Territoires du Puy-de-Dôme	2	72
IRA de Bastia	1	72
Direction régionale de la Réunion	1	72
Sous-Préfecture de Narbonne	1	71
Ministère de la Transition écologique et de la Cohésion des territoires	1	71
Délégation interministérielle à l’hébergement et à l’accès au logement	2	71
Services du Premier ministre	2	71
Direction départementale des territoires du Doubs	4	71
Caisse des Dépôts et Consignations	2	71
Préfecture de la Charente Maritime	4	71
Urssaf de Corse	2	71
Délégation régionale académique à la jeunesse, à l’engagement et aux sports (IDF)	2	71
Direction régionale de l’environnement, de l’aménagement et du logement de Bretagne	1	70
Direction Départementale des Territoires des Vosges	4	70
Siéml	1	69
ARS	2	69
DRAAF Normandie	8	69
Direction Départementale de la Protection des populations du Pas-de-Calais	1	68
Unité Prévention de la Pauvreté et Lutte contre les Exclusions, Ministère des Solidarités de l'Autonomie et des Personnes handicapées	2	68
SPR	3	68
Ministère de l'agriculture et de la souveraineté alimentaire 	3	68
Direction départementale des territoires, Préfecture de l'Isère, Ministère de l'Agriculture et de la Souveraineté Alimentaire	1	67
DDT du Loiret	2	67
Mairie de Pornic	1	66
MINISTERE DE LA SANTE	1	66
DREETS Centre-Val de Loire	6	65
Mission French Tech	2	64
Direction départementale des Territoires de Maine-et-Loire	2	64
Préfecture des Hauts-de-Seine, Ministère de l'Intérieur	1	63
DDT du Rhône, MASA	1	63
Direction départementale des territoires de l'Aisne	3	63
DREETS Auvergne - Rhône-Alpes	2	62
DIRECCTE Occitanie,  ESP COMPANS CAFFARELLI 31000 TOULOUSE 	2	62
Préfecture d'Ille-et-Vilaine	3	62
Direction départementale des Territoires du Haut-Rhin - Service Transports Risques et Sécurité - Bureau gestion de crise, transports, bruit, publicité	1	61
DDTM 40, Préfecture 40, DREAL Nouvelle Aquitaine, DGPR, Ministère de la Transition Ecologique	1	61
Pôle emploi PACA, DREETS PACA	2	61
ARS Bretagne	3	61
Université de nantes	1	59
Direction départementale des territoires de la Haute-Garonne	1	59
Préfecture de la Meuse 	1	59
Préfecture des Bouches du Rhone	2	59
DREETS de Normandie	4	59
Haut-Commissariat de la République en Polynésie française	3	59
CONSEIL DEPARTEMENTAL DE LA GUADELOUPE	3	59
Préfecture de la Réunion	11	59
Agence Autonomy	2	58
Préfecture de la région Hauts-de-France	3	58
Direction régionale de l'économie, de l'emploi, du travail et des solidarités	8	58
DRIEETS 94	1	57
Direction Départementale des Territoires du Cantal	1	57
Ecole nationale supérieure d'architecture de Paris-Est, ministère de la Culture	1	57
DREAL Centre-Val de Loire	1	57
Direction Départementale des Territoires et de la Mer des Bouches-du-Rhône	2	57
DREETS HAUTS-DE-FRANCE	4	57
Direction Départementale des Territoires et de la Mer d'Ille-et-Vilaine, Préfceture d'Ille-et-Vilaine	1	56
DDTM Ille-et-Vilaine	2	56
Direction Départementale des Territoires de Savoie	2	56
Bpifrance 	2	56
Délégation mer et littoral, direction départementale des territoires et de la mer de Loire Atlantique, préfecture de Loire Atlantique, MTECT	1	55
Direction Départementale des Territoires d'Indre et Loire	1	54
Unité départementale du Val-de-Marne, DRIEETS d'Ile-de-France	1	54
Pornic agglo Pays de Retz	9	54
Direction départementale des térritoires et de la mer du Nord, Prefecture du Nord, Ministère de l'interieur 	1	53
DIRECTION DEPARTEMENTALE DES TERRITOIRES DE L'AVEYRON	2	53
Conseil Départemental GUADELOUPE	4	53
Direction départementale des territoires, préfecture de Côte d'Or, Ministère de l'agriculture	1	52
Unité sécurité et circulation routières	2	52
DRAAF Grand Est	2	52
DLPAJ	2	52
ARS PACA; ministère de la santé et préventions	1	51
DDETS 91	1	51
SRFD - unité FPCA	1	51
Service formation et développement, direction de l'alimentation de l'agriculture et de la forêt de la Réunion, ministère de l'agriculture et de la souveraineté alimentaire	2	51
DREETS Normandie	4	51
Direction Départementale des Territoires de l'Ardèche	1	50
Agence régionale de santé Bourgogne Franche-Comté	1	50
DDTM du Gard	1	50
DREAL Bretagne, ARS Bretagne, Région académique Bretagne	2	50
Secrétariat Général Commun Départemental de l'Hérault (SGCD 34)	2	50
DREETS BFC, DGEFP, ANCT	2	50
Service Régional de l'Agriculture et de l'Agroalimentaire (SRAA)	2	50
Département de la Seine-Maritime	3	50
Direction départementale de l'emploi, du travail et des solidarités de la Manche	8	50
Direction Régionale des Affaires Culturelles	2	49
Direction départementale de l'emploi, du travail, des solidarités et de la protection des populations de Tarn-et-Garonne (DDETSPP82)	1	48
DDETSPP 2A	1	48
service régional déconcentré 	2	48
Agence Régionale de Santé Hauts-De-France, Ministère de la Santé et de la Prévention	1	47
Agence Régionale de Santé Bretagne	2	47
DRIEAT - UDEAT 75	3	47
Mission d'Appui aux Politiques Publiques, DREETS, ministère chargé des solidarités	4	47
Pôle Sécurité routière	4	46
DREETS OCCITANIE	1	45
Agence Nationale de la Cohésion des Territoires 	1	45
CAF DU PAS DE CALAIS	1	45
Direction générale Cohésion et des Populations (DGCOPOP)	3	45
Département de la Nièvre	4	45
DAAF de Mayotte, Préfecture de Mayotte	1	44
Dépatement de Seine-Saint-Denis	1	44
SLRT-BER-CSSR	2	44
DRAAF Hauts-de-France, MASA	2	44
DEETS	4	44
DDT Côte d'Or	4	44
Parc national de forets	6	44
PREFECTURE DE MAYOTTE	1	43
DRAJES IDF, Rectorat de Paris/Préfecture d'Ile-de-France, Ministère de l'Education nationale, de la jeunesse, des Sports et des Jeux Olympiques et Paralympiques	1	43
Service Agriculture et Forêt	1	43
Direction départemental des territoires et de la mer du Nord	1	42
Préfecture de Seine-Saint-Denis	1	42
Préfecture de la région Guadeloupe	3	42
DSDEN de l'Aveyron	5	42
préfecture de la Somme	3	42
Ministère des Solidarités et de la Santé	3	42
Ministère de la Santé et de la Prévention	1	41
Agence Régionale de Santé Hauts-de-France	2	41
Direction départementale de l'emploi, du travail et des solidarités	3	41
ARS Guyane	4	40
Direction Départementale des Territoires, ministère de la Transition Ecologique	3	40
CNAV, Ile de France	1	39
ministère de la Transition Ecologique	1	39
Direction de l'Alimentation, de l'Agriculture et de la Forêt de la Réunion	2	39
Stratégie nationale de prévention et de lutte contre la pauvreté	2	39
Collectivité européenne d'Alsace	2	39
Premier Ministre	1	38
Direction régionale et interdépartementale de l'économie, de l'emploi, du travail et des solidarités d'Île-de-France	1	38
DDT 89	1	38
Ministère de l'agriculture et de la souveraineté alimentaire	2	38
Ministère de l'Education Nationale, de la Jeunesse et des Sports 	4	38
plan d'investissement dans les competences	2	38
Ministère de la Transition écologique, Agences de l'eau et porteurs de projet	1	37
Préfecture du bas-Rhin	1	37
Sous-préfecture du Millau	1	37
Préfecture Charente-Maritime	1	37
Direction Départementale de l'Emploi, du Travail et des Solidarités 95, Ministère des solidarités, de l'autonomie et des personnes handicapées	1	36
Délégation droits des femmes et égalité entre les femmes et les hommes, Drdfe grand est, ministère chargé de l'égalité entre les femmes et les hommes, de la diversité et de l'égalité des chances	2	36
Ministère de l'économie, des finances et de la souveraineté industrielle et numérique	1	36
DREETS AUVERGNE-RHONE-ALPES	1	36
Délégation Montagne	1	36
URSSAF Limousin, CARSAT Centre-ouest, CAF de la Creuse, CPAM de la Creuse	1	36
Somme Numérique	1	36
DREETS BFC	2	36
Direction Départementale des Territoires de l'Indre	4	36
DEETS Mayotte	5	36
DDETS Seine-et-Marne	1	35
Direction Départementale des Territoires des Yvelines	1	35
Préfecture de la Charente-Maritime, Ministère de l'Intérieur	2	35
Agence Nationale de la Cohésion des Territoires (ANCT)	2	35
DDETSPP16	1	34
Mairie d'Oyonnax	1	34
DEALM de Mayotte	2	34
Société de Livraison des Ouvrages Olympiques - SOLIDEO	3	34
DDT 71	1	33
DNS	1	33
Health Data Hub	1	33
DDT du Doubs	1	33
Direction des Systèmes d'Information	1	33
Service Départemental à la Jeunesse, à l'Engagement et aux Sports	2	33
Préfecture de région Bretagne	2	33
DIRECCTE Grand Est	1	32
GROUPEMENT DE DEFENSE SANITAIRE DES HAUTES PYRENNEES	1	32
Mission de l'insertion professionnelle	1	32
Secrétariat général pour les affaires régionales Bourgogne-Franche-Comté	2	32
Ministere du travail, de l'emploi et de l'insertion	3	32
Ministère des Armées	5	32
Direction départementale des territoires et de la mer de la Somme, Ministère de l'Agriculture et de la Souveraineté Alimentaire	1	31
CCAS DE SAINT REMY DE PROVENCE	1	31
Agence Régionale de Santé d'Ile de France	1	31
ARS HDF	2	31
Service emploi compétences, SDIS 86, Zone SO, DGSCGC	4	31
Service du Premier Ministre	1	30
Rectorat de l'Académie de Corse	1	30
Préfecture de Guadeloupe	2	30
DIRECTION DE L ALIMENTATION, DE L AGRICULTURE ET DE LA FORET DE MARTINIQUE	1	30
Diection Générale de l'Energie et du Climat	1	30
Direction Régionale de l'Alimentation, de l'Agriculture et de la Forêt Occitanie	1	30
Direction Départementale des Territoires de l'Oise	2	30
Direction Régionale	3	30
Agence Régionale de Santé Provence Alpes Côte d'Azur	3	30
DRAAF Bourgogne-Franche-Comté, préfecture de la Bourgogne-Franche-Comté, Ministère de l'Agriculture et de la Souveraineté Alimentaire	1	29
Préfecture Hauts de France et ARS Hauts de France	1	29
ARS NORMANDIE, Ministère de la santé et des solidarités	1	29
DPRS, ARS PACA, Ministère de la santé et de la prévention	2	29
Direction régionale et interdépartementale de l'économie, de l'emploi, du travail et des solidarités	1	28
Direction régionale et interdépartementale de l'économie, de l'emploi, du travail et des solidarités (DRIEETS)	1	28
Préfetecture des Alpes-Maritimes, Ministère des solidarités, de l'autonomie et des personnes handicapées	1	28
préfecture, Ministère de l'Intérieur	2	28
Direction départementale des Territoires du Territoire de Belfort	4	28
DDETS Isère	1	27
DDT de Savoie	1	27
Agence régionale de santé d'île de France, ministère de la santé	1	27
Conseil départemental d'Eure-et-Loir	2	27
Coordination départementale de la  Sécurité Routière	1	27
ARS Martinique	2	27
Préfet de la région Occitanie	1	26
DEAL de Guadeloupe	1	26
Préfecture de région Grand Est	1	26
Agence Régionale de Santé IDF	1	26
DDETSPP65	1	26
Service Départemental à la Jeunesse à l'Engagement et aux Sports, Direction des Services Départementaux de l'Education Nationale de la Vienne	1	25
service de l'Etat	1	25
DREETS de Normandie, ministère du travail	2	25
Direction de l'Economie, de l'Emploi, du Travail et des Solidarités (DEETS)	4	25
Service des transports routier	1	24
DRAAF Hauts de France, Ministère de l'agriculture, de l'alimentation et de la forêt	1	24
PREFECTURE DE LA HAUTE-MARNE, MINISTERE DE L'INTERIEUR	2	24
Bureau de l'accès aux droits, de l'insertion et de l'économie sociale et solidaire 	2	24
Préfecture des Pyrénées-Orintales	1	23
DRAAF Pays de la Loire et Conseil Régional des Pays de la Loire	1	23
DDT du Rhône	1	23
Ministère de la transition écologique et cohésion des territoires	1	23
DIRECCTE Centre-Val de Loire	2	23
Direction Départementale de l'Emploi du Travail et des Solidarités de la Seine-Maritime	2	23
d'un excellent organisme	3	23
DREETS PDL	1	22
DDT 31, Haute-Garonne, Ministère de la transition écologique et de lla cohésion des territoires	1	22
Direction Régional de l'Aménagement, de l'Environnement et du Logement Nouvelle-Aquitaine	1	22
Département mandat et fiducies, Direction des finances, Direction des politiques sociales	2	22
Rectorat de Nantes	1	21
CARSAT NORMANDIE	1	21
DRAAF BFC	1	21
DREETS Grand-Est	1	21
Département de l'Ardèche	1	21
Direction départementale de l'emploi, du travail et des solidarités 	2	21
CPAM Hauts-de-Seine	1	20
Ministère du Travail, de la Santé et des Solidarités	1	20
Direction départementale des Territoires de l'Ain	1	20
Ministère de l'Economie, des Finances et de la Souveraineté industrielle et numérique	1	20
Délégation à la mer et au littoral	1	20
Direction Départementale des Territoires de la Meuse	2	20
Carsat Hauts de France, CNAV, Ministère du travail, de la santé et des solidarités	2	20
Agence Nationale de la Recherche (ANR), MESR	1	19
MILDECA	1	19
FranceAgriMer	1	19
DEETS de Mayotte	1	19
Direction départementale de l'emploi, du travail et des solidarités de l'Essonne	1	19
Ministère des Solidarités, de l'Autonomie et des personnes handicapées; Ministère de la santé et de la prévention	1	19
Direction départementale des territoires de Saône-et-Loire	2	19
Ville d'Annecy	1	19
Préfecture et sous-préfectures de l'Oise	1	19
service eau et risques / DDT du Gers/ Ministère de la transition écologique 	2	19
Strasbourg, Préfecture du Bas-Rhin, Ministère de l'Intérieur et des Outre-mer	3	19
Direction des libertés publiques et des affaires juridiques	2	19
DREETS PACA	1	18
DIRECCTE d'Ile de France	1	18
Cabinet du Préfet / DDT 49-SSERCL-ULN	1	18
Préfecture de Lozère	2	18
Direction Régionale et Interdépartementale de l'alimentation, de l'agriculture et de la forêt - Île-de-France	1	18
DRAC PACA	1	18
Ville de Nîmes	1	18
DDETS Drôme	2	18
Ministère de l'Intérieur	2	18
Préfecture de Région des Hauts-de-France	2	18
DDT de l'Isère	2	18
Communauté d'Agglomération Lisieux Normandie	1	17
Service mer et littoral de la DDTM du Var	1	17
Agence Régionale de Santé Grand Est, Ministère de la santé et de la prévention	1	17
Direction Régionale de l'Economie, de l'Emploi, du Travail et des Solidarités de Bretagne	1	17
Caisse des dépôts	1	17
DDTM 14	1	17
DDT de la Loire	1	17
Préfecture de région de la Guadeloupe	2	17
DNUM, MINSOC	2	17
Agence du Numérique, Ministère de l'Economie et des Finances	1	16
Direction Départemental de l'emploi, du travail et des solidarités	1	16
Prefecture de région Hauts-de-France	1	16
Direction de l’Alimentation de l’Agriculture et de la Forêt - Martinique	2	16
PER, SSERTeM, DDTM35, Prefecture 35, Ministère de l'Intérieur	1	16
Département de la Mayenne	1	16
Direction Départementale de la Protection des Populations de la Haute-Garonne	1	16
Préfecture de la Région Auvergne Rhône-Alpes	1	16
Préfecture de l'Aube, Ministère de l'intérieur	1	16
DETCC Guyane	2	16
Préfecture de Mayotte	3	16
Ministère de l'Europe et des Affaires étrangères/Ministère de l'Intérieur et des Outre-mer	3	16
DREETS PACA/MINISTERE DU TRAVAIL DE LA SANTE ET DES SOLIDARITES	1	15
Agence Régionale de Santé (ARS) Ile-de-France	1	15
ARS BFC	1	15
Direction Départementale des Territoires de Haute-Savoie (DDT 74)	1	15
Agence régionale de santé HDF	3	15
Direction Départementale des Territoires de Maine-et-Loire	2	15
Agence National pour l'Amélioration des Conditions de Travail - Anact	3	15
DAAF de Guadeloupe	1	14
préfecture, ministère de l’intérieur et des outre-mer	1	14
Préfecture de la Haute-Lorie (43)	1	14
Préfecture de l'Hérault, Ministère de l'intérieur	1	14
Rectorat, ministère de l'éducation nationale	1	14
Région Hauts-de-France	1	14
Direction départementale des territoires de la Haute-Savoie	1	14
DRAAF Pays-de-la-Loire	2	14
DEETS de La Réunion	3	14
Direction Départementale des Territoires de Seine-et-Marne	2	14
Direction Départementale de l'Emploi, du Travail et des Solidarités (DDETS) du Var, Préfecture du Var	2	14
DRAAF Auvergne-Rhône-Alpes	1	13
Conseil départemental de la Seine-Saint-Denis	1	13
DRAAF Bretagne, Ministère de l'agriculture et de la souveraineté alimentaire	1	13
Sous-préfecture de Lodève	1	13
Ville de Fleury-sur-Orne	2	13
Direction Départementale de l'Emploi, du Travail, des Solidarités et de la Protection des Populations / Ministère de l'Agriculture et de la Souveraineté Alimentaire 	2	13
Secrétariat général commun départemental commun d'Indre-et-Loire	2	13
DDT du Puy-de-Dôme	2	13
Métropole de Lyon	1	12
Préfecture de la région Grand Est	1	12
Ministère de l'Économie, des Finances et de la Souveraineté industrielle et numérique	1	12
Education Nationale	1	12
Europe en Hainaut	1	12
DDT de la Haute-Savoie	1	12
DDETS26	1	12
DIRECCTE - Unité départementale Côte-d'Or	1	12
Ministère du travail 	1	12
Direction Départementale des Territoires de l'Yonne, Prefecture de l'Yonne, Ministère de l'intérieur	1	12
ARS Ile de France	1	12
Ministère de l'Education Nationale et de la Jeunesse	1	12
SEPER	1	12
Rectorat de l'académie de Nantes	3	12
DRAAF de Bourgogne-Franche-Comté	1	11
DDT 10 / Service Eau et Biodiversité	1	11
DREETS CORSE	1	11
DRAJES Centre-Val de Loire	1	11
Direction départementale des territoires de la Côte-d'Or (DDT21)	1	11
Ministère de l'enseignement supérieur, de la recherche et de l'innovation	1	11
Ministère des solidarités, de l'autonomie et des personnes handicapées 	1	11
DDT de Haute-Savoie	1	11
Ministère de l'Agriculture et de la Souveraineté Alimentaire	1	11
service déconcentré de l'Etat 	1	11
Direction de l'économie, de l'emploi du travail et des solidarités	2	11
Communauté de communes Pévèle Carembault	2	11
DGCOPOP-DETCC de Guyane	3	11
DREETS Bourgogne-Franche-Comté (Pôle EECS)	1	10
Département du Val-de-Marne	1	10
ARS Nouvelle-Aquitaine, Ministère du Travail, de la Santé et des Solidarités.	1	10
Direction régionale de l'alimentation, de l'agriculture et de la forêt, ministère de l'agriculture et de la souveraineté alimentaire	1	10
direction départementale des territoires de la Nièvre	1	10
Direction Départementale des Territoires du Rhône, Ministère de l'Agriculture et de la Souveraineté Alimentaire	1	10
Direction Régionale des Entreprises, de la Concurrence, de la Consommation, du Travail et de l'Emploi	1	10
Direction départementale des territoires / Service habitat et construction durable/ bureau constructions et bâtiments durables	1	10
Agence française pour la biodiversité	1	10
Communauté de communes de Belle-Ile-en-Mer	1	10
Ministère de l'Economie des Finances, de la Souveraineté Industrielle et Numérique	1	10
Mairie de Lingolsheim	1	10
Sous-préfecture de Villefranche-de-Rouergue	1	10
Directions régionales de l’économie, de l’emploi, du travail et des solidarités	1	10
Service d'économie agricole	2	10
Lycée Funay Hélène Boucher	2	10
Direction Régionale de l'Alimentation, de l'Agriculture et de la Forêt de la région Centre-Val de Loire	1	9
Préfecture du Bas-Rhin, Préfecture du Grand-Est	1	9
Service de l'alimentation, Direction de l'Environnement de l'alimentation de l'Agriculture et de de la forêt de Guyane, 	1	9
DIRECCTE Bourgogne-Franche-Comté (Direction Régionale des Entreprises de la Concurrence de la Consommation du Travail et de l'Emploi)	1	9
DDTM 44 - Direction départementale des territoires et de la mer de la Loire-Atlantique	1	9
Préfecture de Région Provence-Alpes-Côte d'Azur	1	9
DDT 31	1	9
Sous Direction des énergies renouvelables	1	9
DDETS 27	1	9
Direction Régionale et Interdépartementale de l'Equipement et de l'Aménagement Ile-de-France	1	9
DDTM des Pyrénées-Orientales	1	9
Pôle Procédures Environnementales, Service Environnement, Eau et Forêt	1	9
DDPP64	3	9
Direction départementale du travail, de l'emploi et des solidarités du Var	1	9
DREETS PAYS DE LA LOIRE	1	9
DIRECTION DE L'AUTONOMIE	1	9
DDT58	1	9
DDT de l'Allier	2	9
DDETSPP de la Meuse - DREETS Grand Est - Ministère des solidarités	1	8
DIRECCTE NOUVELLE-AQUITAINE	1	8
Université de La Réunion	2	8
Agence du Numérique en Santé 	1	8
Agence régionale de santé, paca, ministère de la santé	1	8
ARS OCCITANIE	1	8
Direction régionale et interdépartementale de l'environnement, de l'aménagement et des transports d'Île-de-France	1	8
Autorité de régulation des communications électroniques, des postes et de la distribution de la presse	1	8
Fonds National de Prévention	1	8
Agence Régionale de Santé Grand Est	1	8
VILLE DE SAINT REMY DE PROVENCE	2	8
DDT de l'Ardèche	2	8
Préfecture de la région Bourgogne-Franche-Comté, Ministère de la Transition écologique et de la Cohésion des Territoires	1	7
ARS Bourgogne-Franche-Comté	1	7
DIECCTE de Mayotte	1	7
Direction Départementale des Territoires des Yvelines (DDT 78)	1	7
DRAAF de Corse	1	7
Département Insertions sociale et professionnelle	1	7
DEETS GUADELOUPE	1	7
 Ministère des Solidarités, de l'Autonomie et des personnes handicapées 	1	7
Services d'Inspection en abattoir	2	7
Morlaix Communauté	3	7
DDT de l'Ain	2	7
Délégation générale à l'emploi et à la formation professionnelle	1	6
DREETS Corse, Ministère du Travail	1	6
Direction départementale des territoires du DOUBS	1	6
DIECCTE Guadeloupe	1	6
Direction Départementale des Territoires et de la Mer du Pas-de-Calais	1	6
DRAJES CVL, ACADEMIE ORLEANS-TOURS, PREFECTURE DU LOIRET, MINISTERE DES SPORTS ET DES JEUX OLYMPIQUES ET PARALYMPIQUES	1	6
DDTM de l'Eure	1	6
DREETS de Corse	1	6
CMA IDF	1	6
Préfecture de région Ile-de-France	1	6
Direction Régional de l'Alimentation de l'Agriculture et de la Forêt Centre Val de Loire	1	6
Direction départementale de l'emploi, du travail, des solidarités et de la protection des populations	1	6
préfecture de la Loire Atlantique	1	6
Direction Départementale des Territoires	1	6
Service eau environnement et forêt	1	6
DDT de la Savoie	1	6
Conseil départemental	1	5
Direction Régionale Droits des Femmes et Egalité	1	5
Direction départementale des territoires de Haute-Savoie	1	5
Dreets Normandie, Préfecture de Région Normandie	1	5
CGSS de la GUYANE	1	5
CAF PAS DE CALAIS	1	5
Direction Départementale de la Cohésion Sociale et de la Protection des Populations de la Nièvre	1	5
Agence régionale de santé Île-de-France	1	5
Tribunal judiciaire de Lille	1	5
Service régional de l’économie agricole et des filières		1	5
ARS Bourgogne Franche Comté	1	5
DIRECTION DEPARTEMENTALE DES TERRITOIRES AISNE (DDT)	1	5
Direction de l'Economie, de l'Emploi, du Travail et des Solidarités (DEETS) de La Réunion	1	5
DREAL BFC	1	5
DAAF de la Martinique	1	5
Direction Régionale de l'Agriculture, de l'Alimentation et de la Forêt	1	5
DDTM des Landes, ministère de la Transition écologique 	1	4
Administration superieure des îles Wallis et Futuna	1	4
Préfecture de la Somme 	1	4
Direccte Ile-De-France - unité départementale de Paris (UD075)	1	4
DDT de la Haute-Loire	1	4
DRAAF des Hauts-de-France, Ministère de l'Agriculture et de la Souveraineté Alimantaire	1	4
Direction Départementale des Territoires de l'Aube	1	4
DEETS Mayotte, ministère du travail, de la santé et des solidarités	1	4
Académie de Versailles	1	4
Mission interministérielle pour l'apprentissage et DINUM	1	4
Ministère de l'Intérieur / Ministère de l'Europe et des Affaires étrangères	1	4
Direction Départementale de l'Emploi, du Travail, des Solidarités et de la Protection des Populations de la Meuse	1	4
Direction de l'environnement, de l'aménagement et du logement de Guadeloupe, Préfecture de la Guadeloupe, Ministère de la Transition Ecologique et de la Cohésion des Territoires	1	4
Agence de l'eau  Loire Bretagne	1	3
Préfecture de l'Essonne, Direction Départementale de l'Emploi, du Travail et des Solidarités de l'Essonne (DDETS 91)	1	3
DRIEETS Ile-de-France (Direction régionale et interdépartementale de l’économie, de l’emploi, du travail et des solidarités)	1	3
Caf de Seine-et-Marne	1	3
DDETSPP de la Meuse	1	3
DIECCTE de La Réunion	2	2
Direction Régionale Droits des Femmes et Egalité PACA	1	2
Communauté d'Agglomération Béziers Méditerranée	2	2
Direction financière/Expertise financière/achats	1	2
DDETSPP des Landes	2	2
DIECCTE Martinique	1	1
DRAAF BRETAGNE	1	1
DDTM Loire atlantique	1	1
Formulaires et démarches en ligne - déclaration de manifestation - démonstrateur	1	1
DDT du Cantal	1	1
d	2	1
DREAL Auvergne-Rhône-Alpes	2	1
Conseil départemental des Hauts-de-Seine	2	1
Département de l'Orne (61)	1	1
Communauté de communes de l'Ernée	1	1
DDT 04	1	1
ACADEMIE DE STRASBOURG	1	1
DREAL BRETAGNE - Présentation Agents	1	1
service Sécurité Sanitaire des Aliments	1	1
Service Connaissance Territoriale et Sécurité / Bureau Sécurité Routière	1	0
DDETSPP46	1	0
Mission French Tech, ministère de l'économie, des finances et de la relance	1	0
Direction Départementale des territoires et de la mer de Seine-Maritime	1	0
Direction Générale du Trésor	1	0
Direction générale des Finances publiques	6	0
DDETSPP de la Mayenne	2	0
Préfecture de Versailles	1	0
Préfecture et DRIEETS Ile-de-France	3	0
Direction générale des Entreprises 	1	0
DDETSPP de la Charente	1	0
Collectivité Territoriale de Martinique	1	0
Direction Départementale de Protection des Populations du 64 	1	0
DDT du LOT	1	0
Agence Nationale de la Cohésion des Territoires	1	0
DDT du Jura	1	0
Haut-commissariat de la République en Polynésie française	2	0
DSDEN 54 - Service départemental à la jeunesse, l'engagement et aux sports.	2	0
DIRECTION DES ENTREPRISES DE LA CONCURRENCE DE LA CONSOMMATION DU TRAVAIL ET DE L'EMPLOI GUYANE	1	0
Département de Saône-et-Loire	1	0
Rectorat de l'Académie de la Martinique	1	0
Préfecture  de l'Oise	1	0
DDETS de Loire-Atlantique, Ministère du Travail du Plein Emploi et de l'Insertion	1	0
Ministère de la Transition Écologique et Solidaire	1	0
Agence Régionale de Santé Centre-Val de Loire, Ministère de la santé et de la prévention	1	0
DDPP de la Haute-Garonne	1	0
Softeam test	1	0
DDCSPP de la Savoie	1	0
Direction départementale des territoires de la Loire	1	0
direction départementale de l'emploi du travail et des solidarités (DDETS)	1	0
Université Jean Monnet	1	0
DDT de Seine-et-Marne	1	0
DDETSPP de la Dordogne	2	0
Préfecture de l'Aube, Ministère de l'Intérieur et de l'Outre-Mer	1	0
SERVICE EAU ENVIRONNEMENT	1	0
Ministère de la transition écologique et de la cohésion des territoires	1	0
Préfecture de l'Aube/ Cabinet du Préfet / BSIPA	1	0
Direction Départementale des Territoires du Doubs	1	0
